title,company,location,link
iOSアプリエンジニア / インターネット/Webサービス・ASP,ウェルスタイル 株式会社,"Shibuya City, Japan",https://stackoverflow.com/jobs/319234
フロントエンドエンジニア,アクロクエストテクノロジー株式会社,"Yokohama, Japan",https://stackoverflow.com/jobs/337894
"マーケティングプラットホーム開発/PL,PMエンジニア/年収800万円可/賞与4回/六本木駅近",株式会社EVERRISE,"Minato City, Japan",https://stackoverflow.com/jobs/318472
Webアプリケーションエンジニア(ダッシュボード開発/検索事業),Supershipグループ,"Minato City, Japan",https://stackoverflow.com/jobs/382648
IT人材事業本部 中途採用 / 開発・エンジニア(東京),ギークスグループ,"Shibuya City, Japan",https://stackoverflow.com/jobs/318480
サーバーサイドエンジニア / モバイル/アプリサービス,株式会社 D2C dot,"Chuo City, Japan",https://stackoverflow.com/jobs/382640
サーバーサイドエンジニア,株式会社エーティーエス,"Chuo City, Japan",https://stackoverflow.com/jobs/382637
ITエンジニア,株式会社with,"Shibuya City, Japan",https://stackoverflow.com/jobs/382636
飲食店の未来をテクノロジーで創造|モバイルオーダーサービス開発のテックリード募集,株式会社Showcase Gig,"Minato City, Japan",https://stackoverflow.com/jobs/382630
ECサイトのシステム構築 / インターネット/Webサービス・ASP,株式会社 hm solution,"Kobe, Japan",https://stackoverflow.com/jobs/310128
客先常駐でのSE・プログラマー,パーソル パナソニック HRパートナーズ株式会社,"Tachikawa, Japan",https://stackoverflow.com/jobs/382629
"SE・PG(オープン系)/立川 2,600円PHP、Vue.jsでの通信系試験装置UI開発",パーソル パナソニック HRパートナーズ株式会社　テクニカル事業本部,"Tachikawa, Japan",https://stackoverflow.com/jobs/382624
"SE・PG(オープン系)/六本木 2,900円LAMP(PHP)での自社アバターサービス開発",パーソル パナソニック HRパートナーズ株式会社　テクニカル事業本部,"Minato City, Japan",https://stackoverflow.com/jobs/382619
開発×PHP,株式会社キャリアデザインITパートナーズ,"Setagaya City, Japan",https://stackoverflow.com/jobs/382616
SE/PG 六本木 2 600円~ JavaScript ES6でのフロントエンド開発,パーソル パナソニック HRパートナーズ株式会社　テクニカル事業本部,"Minato City, Japan",https://stackoverflow.com/jobs/382605
週4日で在宅OKのシステム開発会社のSE,株式会社プライムスタイル,"Bunkyo City, Japan",https://stackoverflow.com/jobs/382593
【バイト】webデザイン経験者歓迎!フロントエンドエンジニア(実務未経験OK),株式会社メイツ,"Shinjuku City, Japan",https://stackoverflow.com/jobs/382591
【バイト】フロントエンド経験者歓迎!バックエンドエンジニア(実務未経験OK),株式会社メイツ,"Shinjuku City, Japan",https://stackoverflow.com/jobs/382590
【バイト】実務未経験OK!自社開発アプリを支えるサーバーサイドエンジニア,株式会社メイツ,"Shinjuku City, Japan",https://stackoverflow.com/jobs/382588
その他、技術系,株式会社ユニクエスト,"Osaka, Japan",https://stackoverflow.com/jobs/382579
プロジェクトマネージャー,株式会社クリティックミッションジャパン,"Yokohama, Japan",https://stackoverflow.com/jobs/382574
Webエンジニア/プログラマ(京都) / システムインテグレータ・ソフトハウス,株式会社 ブイ・クルーズ,"Kyoto, Japan",https://stackoverflow.com/jobs/309632
【大阪】Webアプリケーションエンジニア(SE・PG)/ソフトウェア/パッケージベンダ,株式会社 GSI,"Chiyoda City, Japan",https://stackoverflow.com/jobs/357669
Dot net developer,Multi Recruit,"Bengaluru, India",https://stackoverflow.com/jobs/372850
Web Developer,Raja Software Labs,"Pune, India",https://stackoverflow.com/jobs/337743
